metric,value,percentage
Hit Rate@10,0.61,61.00%
Precision@10,0.10199999999999998,10.20%
Recall@10,0.4441213924963925,44.41%
F1-Score@10,0.16589858100067476,16.59%
NDCG@10,0.3057574427339768,30.58%
Coverage,0.2196708763872943,21.97%
Diversity,0.46681447343465876,46.68%
